client	handle	url	repo	type	owner	posts
Adam Sullivan	@adam_sullo	https://brandanm09-boop.github.io/adam-archive-fbc189/	brandanm09-boop/adam-archive-fbc189	Person	HoTF	1435
Angus the Nontechnical	@angus.sewell	https://brandanm09-boop.github.io/angus-sewell-archive/	brandanm09-boop/angus-sewell-archive	Person	HoTF	236
Chent Thambiah	@chent.thambiah	https://brandanm09-boop.github.io/chent-thambiah-archive/	brandanm09-boop/chent-thambiah-archive	Person	HoTF	613
EBT - Adam Sullivan	@evidencebased_training	https://brandanm09-boop.github.io/ebt-adam-sullivan-archive-5cca3d/	brandanm09-boop/ebt-adam-sullivan-archive-5cca3d	Person	HoTF	3456
Future Fulfilment	@futurefulfilment	https://brandanm09-boop.github.io/future-fulfilment-archive-372a45/	brandanm09-boop/future-fulfilment-archive-372a45	Person	HoTF	589
imanglife	@imanglife	https://brandanm09-boop.github.io/imanglife-archive-b882ff/	brandanm09-boop/imanglife-archive-b882ff	Person	HoTF	936
Johnny Di Francesco - 400 Gradi	@johnny.di.francesco	https://brandanm09-boop.github.io/johnny-di-francesco-400-gradi/	brandanm09-boop/johnny-di-francesco-400-gradi	Person	HoTF	872
Liam Casey	@liam.casey	https://brandanm09-boop.github.io/liam-casey-archive/	brandanm09-boop/liam-casey-archive	Person	HoTF	86
Mr Keep That Pump	@mr.keepthatpump	https://brandanm09-boop.github.io/mr-keep-that-pump-archive-4aed9b/	brandanm09-boop/mr-keep-that-pump-archive-4aed9b	Person	HoTF	719
Noah Hunter Dorsey	@noahhunterdorsey	https://brandanm09-boop.github.io/noah-hunter-dorsey-archive-ff55a8/	brandanm09-boop/noah-hunter-dorsey-archive-ff55a8	Person	HoTF	205
Thomas Moult	@thomas_moult	https://brandanm09-boop.github.io/thomas-moult-archive-8be614/	brandanm09-boop/thomas-moult-archive-8be614	Person	HoTF	22
Troy Candy	@troycandy	https://brandanm09-boop.github.io/troy-candy-archive-25cd43/	brandanm09-boop/troy-candy-archive-25cd43	Person	HoTF	1892
Will Kepreotes	@iamwillkep	https://brandanm09-boop.github.io/will-kepreotes-archive-c93696/	brandanm09-boop/will-kepreotes-archive-c93696	Person	HoTF	17
Chris Mansour	@chrismansour__	https://brandanm09-boop.github.io/chris-mansour-archive/	brandanm09-boop/chris-mansour-archive	Person	Personal	142
Faizan Asif	@npcfaizan	https://brandanm09-boop.github.io/npc-faizan-archive/	brandanm09-boop/npc-faizan-archive	Person	Personal	241
Harry Eykyn	@harryeykyn	https://brandanm09-boop.github.io/harry-eykyn-archive-f34b53/	brandanm09-boop/harry-eykyn-archive-f34b53	Person	Personal	160
